symbol,name,market,sector_l1,category_l2,data_asof,source
000250.KQ,삼천당제약,KOSDAQ,제약,biotech_pharma,2026-02-19,pykrx
003380.KQ,하림지주,KOSDAQ,금융,financial,2026-02-19,pykrx
005290.KQ,동진쎄미켐,KOSDAQ,화학,chemical,2026-02-19,pykrx
007390.KQ,네이처셀,KOSDAQ,제약,biotech_pharma,2026-02-19,pykrx
028300.KQ,HLB,KOSDAQ,제약,biotech_pharma,2026-02-19,pykrx
030530.KQ,원익홀딩스,KOSDAQ,화학,chemical,2026-02-19,pykrx
031980.KQ,피에스케이홀딩스,KOSDAQ,기계·장비,machinery,2026-02-19,pykrx
032820.KQ,우리기술,KOSDAQ,전기·전자,semiconductor_electronics,2026-02-19,pykrx
035760.KQ,CJ ENM,KOSDAQ,오락·문화,entertainment,2026-02-19,pykrx
035900.KQ,JYP Ent.,KOSDAQ,오락·문화,entertainment,2026-02-19,pykrx
036540.KQ,SFA반도체,KOSDAQ,전기·전자,semiconductor,2026-02-19,pykrx
036930.KQ,주성엔지니어링,KOSDAQ,기계·장비,machinery,2026-02-19,pykrx
038500.KQ,삼표시멘트,KOSDAQ,비금속,materials,2026-02-19,pykrx
039030.KQ,이오테크닉스,KOSDAQ,기계·장비,machinery,2026-02-19,pykrx
039200.KQ,오스코텍,KOSDAQ,제약,biotech_pharma,2026-02-19,pykrx
041510.KQ,에스엠,KOSDAQ,오락·문화,entertainment,2026-02-19,pykrx
043260.KQ,성호전자,KOSDAQ,전기·전자,semiconductor_electronics,2026-02-19,pykrx
048410.KQ,현대바이오,KOSDAQ,화학,biotech_pharma,2026-02-19,pykrx
056080.KQ,유진로봇,KOSDAQ,기계·장비,machinery,2026-02-19,pykrx
058470.KQ,리노공업,KOSDAQ,전기·전자,semiconductor_electronics,2026-02-19,pykrx
058610.KQ,에스피지,KOSDAQ,전기·전자,semiconductor_electronics,2026-02-19,pykrx
060370.KQ,LS마린솔루션,KOSDAQ,건설,construction,2026-02-19,pykrx
064760.KQ,티씨케이,KOSDAQ,비금속,materials,2026-02-19,pykrx
065350.KQ,신성델타테크,KOSDAQ,전기·전자,semiconductor_electronics,2026-02-19,pykrx
067310.KQ,하나마이크론,KOSDAQ,전기·전자,semiconductor_electronics,2026-02-19,pykrx
068760.KQ,셀트리온제약,KOSDAQ,제약,biotech_pharma,2026-02-19,pykrx
078600.KQ,대주전자재료,KOSDAQ,전기·전자,semiconductor_electronics,2026-02-19,pykrx
080220.KQ,제주반도체,KOSDAQ,전기·전자,semiconductor,2026-02-19,pykrx
082270.KQ,젬백스,KOSDAQ,기계·장비,machinery,2026-02-19,pykrx
083650.KQ,비에이치아이,KOSDAQ,기계·장비,machinery,2026-02-19,pykrx
084370.KQ,유진테크,KOSDAQ,기계·장비,machinery,2026-02-19,pykrx
085660.KQ,차바이오텍,KOSDAQ,제약,biotech_pharma,2026-02-19,pykrx
086520.KQ,에코프로,KOSDAQ,금융,financial,2026-02-19,pykrx
087010.KQ,펩트론,KOSDAQ,제약,biotech_pharma,2026-02-19,pykrx
089030.KQ,테크윙,KOSDAQ,기계·장비,machinery,2026-02-19,pykrx
090710.KQ,휴림로봇,KOSDAQ,기계·장비,machinery,2026-02-19,pykrx
095340.KQ,ISC,KOSDAQ,유통,consumer_retail,2026-02-19,pykrx
095610.KQ,테스,KOSDAQ,기계·장비,machinery,2026-02-19,pykrx
096530.KQ,씨젠,KOSDAQ,제약,biotech_pharma,2026-02-19,pykrx
098460.KQ,고영,KOSDAQ,기계·장비,machinery,2026-02-19,pykrx
099320.KQ,쎄트렉아이,KOSDAQ,운송장비·부품,automobile,2026-02-19,pykrx
100790.KQ,미래에셋벤처투자,KOSDAQ,금융,financial,2026-02-19,pykrx
101490.KQ,에스앤에스텍,KOSDAQ,전기·전자,semiconductor_electronics,2026-02-19,pykrx
108490.KQ,로보티즈,KOSDAQ,기계·장비,machinery,2026-02-19,pykrx
115180.KQ,큐리언트,KOSDAQ,일반서비스,services,2026-02-19,pykrx
122870.KQ,와이지엔터테인먼트,KOSDAQ,오락·문화,entertainment,2026-02-19,pykrx
131970.KQ,두산테스나,KOSDAQ,일반서비스,services,2026-02-19,pykrx
137400.KQ,피엔티,KOSDAQ,기계·장비,machinery,2026-02-19,pykrx
140410.KQ,메지온,KOSDAQ,일반서비스,services,2026-02-19,pykrx
140860.KQ,파크시스템스,KOSDAQ,의료·정밀기기,healthcare_device,2026-02-19,pykrx
141080.KQ,리가켐바이오,KOSDAQ,일반서비스,biotech_pharma,2026-02-19,pykrx
145020.KQ,휴젤,KOSDAQ,제약,biotech_pharma,2026-02-19,pykrx
160190.KQ,하이젠알앤엠,KOSDAQ,전기·전자,semiconductor_electronics,2026-02-19,pykrx
171090.KQ,선익시스템,KOSDAQ,기계·장비,machinery,2026-02-19,pykrx
178320.KQ,서진시스템,KOSDAQ,전기·전자,semiconductor_electronics,2026-02-19,pykrx
189300.KQ,인텔리안테크,KOSDAQ,전기·전자,semiconductor_electronics,2026-02-19,pykrx
195940.KQ,HK이노엔,KOSDAQ,제약,biotech_pharma,2026-02-19,pykrx
196170.KQ,알테오젠,KOSDAQ,일반서비스,services,2026-02-19,pykrx
204270.KQ,제이앤티씨,KOSDAQ,전기·전자,semiconductor_electronics,2026-02-19,pykrx
214150.KQ,클래시스,KOSDAQ,의료·정밀기기,healthcare_device,2026-02-19,pykrx
214370.KQ,케어젠,KOSDAQ,제약,biotech_pharma,2026-02-19,pykrx
214450.KQ,파마리서치,KOSDAQ,제약,biotech_pharma,2026-02-19,pykrx
218410.KQ,RFHIC,KOSDAQ,전기·전자,semiconductor_electronics,2026-02-19,pykrx
222800.KQ,심텍,KOSDAQ,전기·전자,semiconductor_electronics,2026-02-19,pykrx
226950.KQ,올릭스,KOSDAQ,일반서비스,services,2026-02-19,pykrx
232140.KQ,와이씨,KOSDAQ,기계·장비,machinery,2026-02-19,pykrx
237690.KQ,에스티팜,KOSDAQ,제약,biotech_pharma,2026-02-19,pykrx
240810.KQ,원익IPS,KOSDAQ,기계·장비,machinery,2026-02-19,pykrx
247540.KQ,에코프로비엠,KOSDAQ,전기·전자,semiconductor_electronics,2026-02-19,pykrx
253450.KQ,스튜디오드래곤,KOSDAQ,오락·문화,entertainment,2026-02-19,pykrx
257720.KQ,실리콘투,KOSDAQ,유통,consumer_retail,2026-02-19,pykrx
263750.KQ,펄어비스,KOSDAQ,IT 서비스,internet_platform,2026-02-19,pykrx
277810.KQ,레인보우로보틱스,KOSDAQ,기계·장비,machinery,2026-02-19,pykrx
281740.KQ,레이크머티리얼즈,KOSDAQ,화학,chemical,2026-02-19,pykrx
290650.KQ,엘앤씨바이오,KOSDAQ,제약,biotech_pharma,2026-02-19,pykrx
293490.KQ,카카오게임즈,KOSDAQ,IT 서비스,gaming,2026-02-19,pykrx
298380.KQ,에이비엘바이오,KOSDAQ,제약,biotech_pharma,2026-02-19,pykrx
310210.KQ,보로노이,KOSDAQ,일반서비스,services,2026-02-19,pykrx
319400.KQ,현대무벡스,KOSDAQ,기계·장비,machinery,2026-02-19,pykrx
319660.KQ,피에스케이,KOSDAQ,기계·장비,machinery,2026-02-19,pykrx
323280.KQ,태성,KOSDAQ,기계·장비,machinery,2026-02-19,pykrx
328130.KQ,루닛,KOSDAQ,IT 서비스,internet_platform,2026-02-19,pykrx
347700.KQ,스피어,KOSDAQ,IT 서비스,internet_platform,2026-02-19,pykrx
347850.KQ,디앤디파마텍,KOSDAQ,일반서비스,services,2026-02-19,pykrx
348370.KQ,엔켐,KOSDAQ,화학,chemical,2026-02-19,pykrx
357780.KQ,솔브레인,KOSDAQ,화학,chemical,2026-02-19,pykrx
388210.KQ,씨엠티엑스,KOSDAQ,전기·전자,semiconductor_electronics,2026-02-19,pykrx
388720.KQ,유일로보틱스,KOSDAQ,기계·장비,machinery,2026-02-19,pykrx
397030.KQ,에이프릴바이오,KOSDAQ,일반서비스,biotech_pharma,2026-02-19,pykrx
403870.KQ,HPSP,KOSDAQ,기계·장비,machinery,2026-02-19,pykrx
437730.KQ,삼현,KOSDAQ,운송장비·부품,automobile,2026-02-19,pykrx
440110.KQ,파두,KOSDAQ,전기·전자,semiconductor_electronics,2026-02-19,pykrx
445680.KQ,큐리옥스바이오시스템즈,KOSDAQ,의료·정밀기기,biotech_pharma,2026-02-19,pykrx
456160.KQ,지투지바이오,KOSDAQ,제약,biotech_pharma,2026-02-19,pykrx
458870.KQ,씨어스테크놀로지,KOSDAQ,의료·정밀기기,healthcare_device,2026-02-19,pykrx
466100.KQ,클로봇,KOSDAQ,IT 서비스,internet_platform,2026-02-19,pykrx
475830.KQ,오름테라퓨틱,KOSDAQ,제약,biotech_pharma,2026-02-19,pykrx
476830.KQ,알지노믹스,KOSDAQ,일반서비스,services,2026-02-19,pykrx
491000.KQ,리브스메드,KOSDAQ,의료·정밀기기,healthcare_device,2026-02-19,pykrx
950160.KQ,코오롱티슈진,KOSDAQ,제약,biotech_pharma,2026-02-19,pykrx
