date,Volume,vw,Open,Adj Close,High,Low,Transactions,Close
2019-06-17 04:00:00,19383897.0,10.0313,9.99,10.05,10.09,9.94,40353,10.05
2019-06-18 04:00:00,32592679.0,10.1172,10.08,10.1,10.2,10.0476,53392,10.1
2019-06-19 04:00:00,29054457.0,10.0875,10.15,10.04,10.18,10.03,48375,10.04
2019-06-20 04:00:00,32086607.0,10.0238,10.13,10.04,10.15,9.95,51093,10.04
2019-06-21 04:00:00,47904751.0,9.9818,10.03,9.99,10.05,9.91,58288,9.99
2019-06-24 04:00:00,28093530.0,9.9684,9.95,9.95,10.02,9.93,51632,9.95
2019-06-25 04:00:00,28682319.0,9.8862,9.97,9.84,9.99,9.83,55885,9.84
2019-06-26 04:00:00,33739250.0,9.8966,9.87,9.91,9.959,9.82,57634,9.91
2019-06-27 04:00:00,42956294.0,10.1671,10.04,10.2,10.24,10.0,72954,10.2
2019-06-28 04:00:00,37555395.0,10.2478,10.2,10.23,10.31,10.2,57237,10.23
2019-07-01 04:00:00,38537213.0,10.2006,10.34,10.15,10.43,10.07,64324,10.15
2019-07-02 04:00:00,29715682.0,10.1151,10.15,10.12,10.21,10.04,56295,10.12
2019-07-03 04:00:00,19326926.0,10.2366,10.18,10.2,10.3,10.13,39907,10.2
2019-07-05 04:00:00,21398917.0,10.2042,10.18,10.2,10.27,10.09,39622,10.2
2019-07-08 04:00:00,23244545.0,10.2117,10.2,10.2,10.26,10.18,45827,10.2
2019-07-09 04:00:00,25140716.0,10.1427,10.17,10.14,10.19,10.1,43119,10.14
2019-07-10 04:00:00,29082322.0,10.1702,10.19,10.11,10.26,10.11,52980,10.11
2019-07-11 04:00:00,27667568.0,10.1558,10.15,10.19,10.2,10.11,44715,10.19
2019-07-12 04:00:00,40763398.0,10.4335,10.24,10.49,10.5,10.24,69802,10.49
2019-07-15 04:00:00,33754143.0,10.411,10.49,10.42,10.56,10.34,56822,10.42
2019-07-16 04:00:00,29532693.0,10.4525,10.37,10.51,10.51,10.285,56015,10.51
2019-07-17 04:00:00,25205389.0,10.367,10.48,10.33,10.5,10.31,44880,10.33
2019-07-18 04:00:00,25829077.0,10.2525,10.3,10.26,10.31,10.18,43550,10.26
2019-07-19 04:00:00,38506441.0,10.2536,10.3,10.2,10.32,10.2,56176,10.2
2019-07-22 04:00:00,36238749.0,10.0647,10.13,10.02,10.17,10.0,61659,10.02
2019-07-23 04:00:00,74625079.0,10.1131,10.13,10.17,10.22,10.06,56167,10.17
2019-07-24 04:00:00,61107731.0,10.2186,10.1799,10.33,10.35,10.14,88033,10.33
2019-07-25 04:00:00,133898673.0,9.5896,9.75,9.56,9.78,9.4,189801,9.56
2019-07-26 04:00:00,47710767.0,9.5856,9.58,9.57,9.65,9.51,100966,9.57
2019-07-29 04:00:00,36487807.0,9.6181,9.6,9.6,9.68,9.52,84612,9.6
2019-07-30 04:00:00,36953920.0,9.5231,9.56,9.55,9.58,9.48,74723,9.55
2019-07-31 04:00:00,56715713.0,9.5255,9.57,9.53,9.58,9.4,83254,9.53
2019-08-01 04:00:00,58060944.0,9.4176,9.53,9.31,9.59,9.28,115818,9.31
2019-08-02 04:00:00,41495281.0,9.2831,9.26,9.28,9.34,9.21,83207,9.28
2019-08-05 04:00:00,47964505.0,9.1866,9.18,9.23,9.27,9.06,96433,9.23
2019-08-06 04:00:00,51856801.0,9.4476,9.42,9.48,9.51,9.36,102316,9.48
2019-08-07 04:00:00,43043112.0,9.4815,9.43,9.53,9.56,9.3201,85050,9.53
2019-08-08 04:00:00,25469354.0,9.5571,9.56,9.56,9.62,9.505,53011,9.56
2019-08-09 04:00:00,38739867.0,9.4885,9.54,9.45,9.58,9.39,63417,9.45
2019-08-12 04:00:00,22538029.0,9.3436,9.39,9.29,9.43,9.28,55197,9.29
2019-08-13 04:00:00,28319264.0,9.3097,9.29,9.26,9.42,9.18,59324,9.26
2019-08-14 04:00:00,45967495.0,9.0248,9.13,9.0,9.15,8.96,96184,9.0
2019-08-15 04:00:00,41091195.0,8.8784,9.06,8.86,9.06,8.78,93441,8.86
2019-08-16 04:00:00,28404947.0,8.9356,8.92,8.96,9.0,8.81,55050,8.96
2019-08-19 04:00:00,22189447.0,9.0557,9.05,9.03,9.1,9.02,47357,9.03
2019-08-20 04:00:00,25385133.0,8.994,9.0,8.96,9.07,8.93,50397,8.96
2019-08-21 04:00:00,20704104.0,9.025,9.02,9.04,9.05,8.97,43680,9.04
2019-08-22 04:00:00,21199912.0,9.0674,9.05,9.04,9.14,9.02,41951,9.04
2019-08-23 04:00:00,45302229.0,8.8217,8.9,8.77,8.99,8.73,81120,8.77
2019-08-26 04:00:00,32219703.0,8.8314,8.88,8.82,8.907,8.79,49143,8.82
2019-08-27 04:00:00,23262341.0,8.8049,8.89,8.76,8.91,8.75,51083,8.76
2019-08-28 04:00:00,35378804.0,8.9565,8.72,9.0,9.04,8.7,62398,9.0
2019-08-29 04:00:00,22638783.0,9.1002,9.1,9.12,9.14,9.03,49667,9.12
2019-08-30 04:00:00,32324985.0,9.1604,9.16,9.17,9.23,9.1,54742,9.17
2019-09-03 04:00:00,27369278.0,9.1088,9.18,9.1,9.2,9.04,56932,9.1
2019-09-04 04:00:00,27621957.0,9.1892,9.17,9.2,9.23,9.07,59941,9.2
2019-09-05 04:00:00,37100760.0,9.3466,9.25,9.34,9.4,9.25,63127,9.34
2019-09-06 04:00:00,29472443.0,9.3377,9.37,9.34,9.41,9.2,63865,9.34
2019-09-09 04:00:00,48400520.0,9.557,9.39,9.54,9.65,9.39,75973,9.54
2019-09-10 04:00:00,71332554.0,9.2443,9.08,9.42,9.42,9.04,123117,9.42
2019-09-11 04:00:00,34684083.0,9.3747,9.29,9.42,9.43,9.29,62841,9.42
2019-09-12 04:00:00,36092467.0,9.4177,9.36,9.41,9.48,9.32,61212,9.41
2019-09-13 04:00:00,27496558.0,9.4935,9.47,9.45,9.59,9.44,55129,9.45
2019-09-16 04:00:00,50419803.0,9.3273,9.36,9.3,9.45,9.24,71151,9.3
2019-09-17 04:00:00,27852932.0,9.2655,9.27,9.28,9.31,9.18,54846,9.28
2019-09-18 04:00:00,24829436.0,9.2645,9.26,9.25,9.36,9.22,52407,9.25
2019-09-19 04:00:00,29561370.0,9.1894,9.31,9.1,9.3299,9.1,47011,9.1
2019-09-20 04:00:00,41649430.0,9.1944,9.13,9.17,9.3,9.11,58648,9.17
2019-09-23 04:00:00,23884357.0,9.1777,9.13,9.16,9.23,9.08,41252,9.16
2019-09-24 04:00:00,33588997.0,9.1277,9.19,9.11,9.225,9.05,60541,9.11
2019-09-25 04:00:00,20984934.0,9.1802,9.1,9.2,9.23,9.09,40865,9.2
2019-09-26 04:00:00,26797614.0,9.1231,9.23,9.14,9.23,9.07,51142,9.14
2019-09-27 04:00:00,32695721.0,9.1303,9.14,9.08,9.6,9.06,56082,9.08
2019-09-30 04:00:00,22781033.0,9.1597,9.11,9.16,9.21,9.1,43875,9.16
2019-10-01 04:00:00,39986408.0,9.007,9.19,8.9,9.24,8.87,73364,8.9
2019-10-02 04:00:00,68843081.0,8.5799,8.85,8.61,8.86,8.44,118978,8.61
2019-10-03 04:00:00,41818115.0,8.6028,8.55,8.71,8.71,8.45,74726,8.71
2019-10-04 04:00:00,28526859.0,8.7181,8.72,8.74,8.76,8.66,58067,8.74
2019-10-07 04:00:00,29857508.0,8.6935,8.7,8.68,8.79,8.61,49914,8.68
2019-10-08 04:00:00,31983662.0,8.5671,8.65,8.54,8.66,8.5,56604,8.54
2019-10-09 04:00:00,17276887.0,8.5861,8.61,8.56,8.64,8.56,37529,8.56
2019-10-10 04:00:00,28688336.0,8.6165,8.58,8.62,8.65,8.52,45022,8.62
2019-10-11 04:00:00,34463525.0,8.7976,8.73,8.78,8.87,8.73,57900,8.78
2019-10-14 04:00:00,25704577.0,8.8083,8.82,8.82,8.84,8.755,38538,8.82
2019-10-15 04:00:00,31306230.0,9.0281,8.84,9.07,9.0999,8.78,57008,9.07
2019-10-16 04:00:00,27772177.0,9.1107,9.11,9.07,9.19,9.06,50071,9.07
2019-10-17 04:00:00,28834124.0,9.1033,9.12,9.11,9.14,9.03,54971,9.11
2019-10-18 04:00:00,43968904.0,9.2472,9.09,9.29,9.32,9.09,67599,9.29
2019-10-21 04:00:00,34172328.0,9.0896,9.19,9.03,9.245,9.01,69650,9.03
2019-10-22 04:00:00,36454131.0,9.0511,9.01,9.07,9.14,8.96,64431,9.07
2019-10-23 04:00:00,47071581.0,9.0823,9.01,9.21,9.21,8.97,78771,9.21
2019-10-24 04:00:00,121907519.0,8.6352,8.87,8.6,8.89,8.55,170826,8.6
2019-10-25 04:00:00,52044826.0,8.7024,8.67,8.72,8.75,8.62,71671,8.72
2019-10-28 04:00:00,40098337.0,8.6306,8.76,8.61,8.76,8.58,85370,8.61
2019-10-29 04:00:00,37047080.0,8.6484,8.59,8.64,8.71,8.59,59670,8.64
2019-10-30 04:00:00,29064122.0,8.5506,8.64,8.54,8.64,8.52,61810,8.54
2019-10-31 04:00:00,29513673.0,8.5552,8.58,8.59,8.6,8.5,59562,8.59
2019-11-01 04:00:00,55779050.0,8.8161,8.64,8.89,8.93,8.64,82756,8.89
2019-11-04 05:00:00,47223950.0,9.0041,8.93,9.0,9.05,8.93,76787,9.0
2019-11-05 05:00:00,38037925.0,9.0669,9.02,9.02,9.15,9.0,64326,9.02
2019-11-06 05:00:00,39878901.0,8.9605,9.05,8.92,9.05,8.89,62857,8.92
2019-11-07 05:00:00,32944777.0,8.915,8.96,8.89,9.01,8.88,56724,8.89
2019-11-08 05:00:00,29761982.0,8.9605,8.9,9.04,9.04,8.82,60581,9.04
2019-11-11 05:00:00,25142776.0,9.0559,8.95,9.08,9.1,8.94,49984,9.08
2019-11-12 05:00:00,28970664.0,9.0704,9.06,9.04,9.13,9.04,51129,9.04
2019-11-13 05:00:00,35184358.0,8.8686,9.0,8.81,9.0,8.8,74042,8.81
2019-11-14 05:00:00,26838928.0,8.8107,8.85,8.79,8.9059,8.78,53342,8.79
2019-11-15 05:00:00,27179474.0,8.9305,8.85,8.95,8.96,8.85,51270,8.95
2019-11-18 05:00:00,39013773.0,8.9532,9.05,8.95,9.05,8.89,73225,8.95
2019-11-19 05:00:00,31696125.0,8.9203,8.99,8.9,9.0,8.87,68770,8.9
2019-11-20 05:00:00,38684383.0,8.7498,8.88,8.73,8.89,8.68,71565,8.73
2019-11-21 05:00:00,33530945.0,8.7161,8.77,8.71,8.79,8.67,61500,8.71
2019-11-22 05:00:00,35913910.0,8.854,8.8,8.89,8.9,8.77,59685,8.89
2019-11-25 05:00:00,31069872.0,8.9655,8.9,9.0,9.01,8.87,56319,9.0
2019-11-26 05:00:00,30502798.0,8.9814,8.98,9.01,9.02,8.91,48431,9.01
2019-11-27 05:00:00,37840325.0,9.0891,9.03,9.1,9.15,9.02,57266,9.1
2019-11-29 05:00:00,13362169.0,9.0731,9.04,9.06,9.1,9.03,29725,9.06
2019-12-02 05:00:00,38495221.0,9.0613,9.08,9.01,9.14,9.0,64297,9.01
2019-12-03 05:00:00,41646663.0,8.8807,8.95,8.89,8.95,8.8,68314,8.89
2019-12-04 05:00:00,30349032.0,8.9705,8.95,8.95,9.03,8.94,64574,8.95
2019-12-05 05:00:00,26000256.0,8.9203,8.97,8.93,9.0,8.88,41451,8.93
2019-12-06 05:00:00,31620915.0,9.008,8.96,9.02,9.07,8.945,52931,9.02
2019-12-09 05:00:00,22291521.0,9.0198,8.97,9.01,9.07,8.96,46480,9.01
2019-12-10 05:00:00,34594690.0,9.0581,9.02,9.07,9.1,8.96,51952,9.07
2019-12-11 05:00:00,33569332.0,9.1116,9.06,9.11,9.14,9.055,47550,9.11
2019-12-12 05:00:00,48859456.0,9.2781,9.11,9.32,9.36,9.105,78077,9.32
2019-12-13 05:00:00,36227299.0,9.2555,9.32,9.23,9.39,9.19,62824,9.23
2019-12-16 05:00:00,42793497.0,9.3526,9.24,9.39,9.39,9.22,67487,9.39
2019-12-17 05:00:00,35897097.0,9.3675,9.38,9.39,9.41,9.31,57823,9.39
2019-12-18 05:00:00,46294921.0,9.4934,9.39,9.54,9.575,9.36,72441,9.54
2019-12-19 05:00:00,42629445.0,9.4316,9.55,9.41,9.57,9.38,56605,9.41
2019-12-20 05:00:00,53351734.0,9.4868,9.5,9.48,9.54,9.44,55300,9.48
2019-12-23 05:00:00,55254672.0,9.4469,9.5,9.44,9.57,9.4,51807,9.44
2019-12-24 05:00:00,12033994.0,9.4547,9.44,9.47,9.49,9.43,20888,9.47
2019-12-26 05:00:00,29237221.0,9.4493,9.47,9.45,9.49,9.43,35844,9.45
2019-12-27 05:00:00,28603056.0,9.3868,9.45,9.36,9.46,9.345,49008,9.36
2019-12-30 05:00:00,36589860.0,9.2877,9.34,9.25,9.35,9.23,63514,9.25
2019-12-31 05:00:00,32717984.0,9.2915,9.25,9.3,9.33,9.24,56230,9.3
2020-01-02 05:00:00,44037216.0,9.298,9.29,9.42,9.42,9.19,75295,9.42
2020-01-03 05:00:00,45422189.0,9.22,9.31,9.21,9.37,9.15,72598,9.21
2020-01-06 05:00:00,43955374.0,9.1306,9.1,9.16,9.17,9.06,67709,9.16
2020-01-07 05:00:00,45729797.0,9.1975,9.2,9.25,9.25,9.12,69798,9.25
2020-01-08 05:00:00,46289819.0,9.2346,9.23,9.25,9.3,9.17,73172,9.25
2020-01-09 05:00:00,52282622.0,9.2414,9.3,9.26,9.31,9.18,68598,9.26
2020-01-10 05:00:00,40096286.0,9.29,9.27,9.25,9.36,9.25,64883,9.25
2020-01-13 05:00:00,49091183.0,9.2006,9.25,9.24,9.26,9.11,71557,9.24
2020-01-14 05:00:00,43299290.0,9.2775,9.22,9.29,9.33,9.21,72656,9.29
2020-01-15 05:00:00,56298732.0,9.2221,9.27,9.19,9.3,9.18,82766,9.19
2020-01-16 05:00:00,44678200.0,9.1975,9.23,9.17,9.28,9.15,71594,9.17
2020-01-17 05:00:00,43542668.0,9.1716,9.19,9.16,9.23,9.13,73377,9.16
2020-01-21 05:00:00,50129355.0,9.1691,9.15,9.21,9.22,9.1,79137,9.21
2020-01-22 05:00:00,40321242.0,9.1881,9.22,9.16,9.25,9.15,69347,9.16
2020-01-23 05:00:00,76199554.0,9.0819,9.14,9.14,9.16,8.93,78218,9.14
2020-01-24 05:00:00,68585503.0,9.0101,9.11,9.0,9.12,8.96,92608,9.0
2020-01-27 05:00:00,61839358.0,8.8938,8.88,8.89,8.96,8.78,94224,8.89
2020-01-28 05:00:00,85675982.0,8.9447,8.94,8.97,9.0,8.86,114198,8.97
2020-01-29 05:00:00,59494564.0,8.8845,8.85,8.86,8.955,8.84,75511,8.86
2020-01-30 05:00:00,43350714.0,8.7787,8.81,8.84,8.84,8.73,78236,8.84
2020-01-31 05:00:00,60248995.0,8.7985,8.78,8.82,8.84,8.74,79177,8.82
2020-02-03 05:00:00,71896266.0,9.0089,8.85,8.98,9.14,8.85,107252,8.98
2020-02-04 05:00:00,86653953.0,9.0694,9.08,9.18,9.24,9.07,153925,9.18
2020-02-05 05:00:00,148308910.0,8.3126,8.41,8.31,8.48,8.26,269018,8.31
2020-02-06 05:00:00,69919780.0,8.273,8.37,8.25,8.38,8.25,118725,8.25
2020-02-07 05:00:00,99536551.0,8.1154,8.21,8.11,8.21,8.02,144988,8.11
2020-02-10 05:00:00,72780067.0,8.082,8.15,8.06,8.15,8.05,99865,8.06
2020-02-11 05:00:00,80939969.0,8.1181,8.1,8.1,8.15,8.08,105391,8.1
2020-02-12 05:00:00,112302362.0,8.2659,8.14,8.24,8.33,8.13,111647,8.24
2020-02-13 05:00:00,68288571.0,8.2727,8.21,8.25,8.36,8.21,94917,8.25
2020-02-14 05:00:00,46885663.0,8.1352,8.27,8.1,8.27,8.08,77199,8.1
2020-02-18 05:00:00,65953912.0,8.0605,8.12,8.06,8.1499,8.02,97907,8.06
2020-02-19 05:00:00,70127646.0,8.0179,8.06,8.0,8.1,8.0,88615,8.0
2020-02-20 05:00:00,53260861.0,8.0335,8.0,8.03,8.07,7.99,77667,8.03
2020-02-21 05:00:00,59499564.0,7.9228,8.02,7.89,8.03,7.89,112663,7.89
2020-02-24 05:00:00,112646474.0,7.6155,7.7,7.57,7.7197,7.55,172756,7.57
2020-02-25 05:00:00,110086198.0,7.3855,7.68,7.23,7.68,7.22,168610,7.23
2020-02-26 05:00:00,93461228.0,7.3227,7.3,7.21,7.46,7.21,162810,7.21
2020-02-27 05:00:00,120716374.0,7.0731,7.13,6.97,7.28,6.92,179036,6.97
2020-02-28 05:00:00,118488854.0,6.8307,6.84,6.96,6.96,6.67,204563,6.96
2020-03-02 05:00:00,98393435.0,7.0812,7.11,7.2,7.23,6.88,152381,7.2
2020-03-03 05:00:00,98701252.0,7.058,7.29,6.97,7.34,6.89,201158,6.97
2020-03-04 05:00:00,71555856.0,7.0131,7.09,7.08,7.09,6.92,120240,7.08
2020-03-05 05:00:00,79293369.0,6.8093,6.96,6.74,6.97,6.71,142022,6.74
2020-03-06 05:00:00,111673583.0,6.5046,6.6,6.49,6.68,6.4,174624,6.49
2020-03-09 04:00:00,103903555.0,5.9801,5.97,5.9,6.14,5.87,208704,5.9
2020-03-10 04:00:00,104134124.0,6.0936,6.26,6.26,6.29,5.8,202938,6.26
2020-03-11 04:00:00,99602609.0,5.9841,6.06,5.9,6.11,5.88,160263,5.9
2020-03-12 04:00:00,91793412.0,5.3518,5.38,5.35,5.69,5.2,179769,5.35
2020-03-13 04:00:00,128556962.0,5.4317,5.87,5.63,5.9,5.12,232276,5.63
2020-03-16 04:00:00,110311304.0,5.0583,5.04,5.01,5.22,5.0,202912,5.01
2020-03-17 04:00:00,105556176.0,4.9476,5.08,5.01,5.14,4.7,216872,5.01
2020-03-18 04:00:00,127676802.0,4.4168,4.75,4.5,4.84,4.1,245709,4.5
2020-03-19 04:00:00,128499827.0,4.3496,4.33,4.47,4.58,4.1,247362,4.47
2020-03-20 04:00:00,131168906.0,4.4171,4.54,4.33,4.75,4.25,257406,4.33
2020-03-23 04:00:00,137211864.0,4.1458,4.27,4.01,4.52,3.96,289694,4.01
2020-03-24 04:00:00,148417372.0,4.7212,4.47,4.95,4.99,4.26,328527,4.95
2020-03-25 04:00:00,202905252.0,5.5547,5.77,5.39,5.87,5.12,440573,5.39
2020-03-26 04:00:00,139957727.0,5.353,5.36,5.25,5.65,5.16,306497,5.25
2020-03-27 04:00:00,108715522.0,5.1236,5.07,5.19,5.3,4.91,230319,5.19
2020-03-30 04:00:00,99376963.0,5.0167,5.11,5.03,5.1197,4.93,197524,5.03
2020-03-31 04:00:00,233228242.0,4.9184,5.03,4.83,5.19,4.75,293506,4.83
2020-04-01 04:00:00,120694628.0,4.5088,4.63,4.4,4.77,4.36,241350,4.4
2020-04-02 04:00:00,92263668.0,4.3708,4.39,4.36,4.57,4.25,198634,4.36
2020-04-03 04:00:00,86377156.0,4.2622,4.4,4.24,4.42,4.17,177787,4.24
2020-04-06 04:00:00,104210810.0,4.5213,4.54,4.53,4.67,4.41,185327,4.53
2020-04-07 04:00:00,117612182.0,4.8305,4.85,4.71,5.03,4.63,233813,4.71
2020-04-08 04:00:00,117996867.0,4.979,4.86,5.03,5.09,4.8,203677,5.03
2020-04-09 04:00:00,178340586.0,5.5066,5.51,5.37,5.75,5.24,335618,5.37
2020-04-13 04:00:00,100894032.0,5.1406,5.43,5.16,5.43,5.02,197797,5.16
2020-04-14 04:00:00,76031153.0,5.2827,5.27,5.29,5.44,5.16,155785,5.29
2020-04-15 04:00:00,76373073.0,5.0348,5.06,5.03,5.14,4.95,155941,5.03
2020-04-16 04:00:00,59932131.0,4.9566,5.06,4.94,5.0697,4.89,141984,4.94
2020-04-17 04:00:00,93842759.0,5.1313,5.17,5.12,5.28,5.03,177338,5.12
2020-04-20 04:00:00,72854695.0,5.0055,5.01,4.98,5.09,4.91,147567,4.98
2020-04-21 04:00:00,83996167.0,4.8033,4.89,4.77,4.92,4.72,166020,4.77
2020-04-22 04:00:00,63160965.0,4.7896,4.87,4.77,4.89,4.75,142372,4.77
2020-04-23 04:00:00,62497221.0,4.8935,4.8,4.89,4.98,4.77,133577,4.89
2020-04-24 04:00:00,54923316.0,4.8722,4.93,4.87,4.96,4.8,116017,4.87
2020-04-27 04:00:00,91892685.0,5.0797,4.91,5.17,5.19,4.88,159887,5.17
2020-04-28 04:00:00,108598139.0,5.3895,5.49,5.38,5.54,5.215,228722,5.38
2020-04-29 04:00:00,128005192.0,5.3592,5.33,5.26,5.5,5.2104,248290,5.26
2020-04-30 04:00:00,94858589.0,5.127,5.16,5.09,5.24,5.06,167128,5.09
2020-05-01 04:00:00,83847250.0,4.9464,5.02,4.92,5.05,4.9,171313,4.92
2020-05-04 04:00:00,85356295.0,4.8457,4.88,4.86,4.97,4.77,155051,4.86
2020-05-05 04:00:00,97232608.0,5.0143,4.99,4.97,5.09,4.94,156035,4.97
2020-05-06 04:00:00,90413070.0,4.9039,5.05,4.87,5.09,4.82,163394,4.87
2020-05-07 04:00:00,67892325.0,4.9151,4.9,4.87,4.98,4.85,131244,4.87
2020-05-08 04:00:00,102177102.0,5.1169,4.96,5.24,5.25,4.95,173865,5.24
2020-05-11 04:00:00,76783785.0,5.1269,5.18,5.12,5.19,5.05,126829,5.12
2020-05-12 04:00:00,71622154.0,5.0699,5.15,4.98,5.22,4.97,118774,4.98
2020-05-13 04:00:00,100892629.0,4.7816,5.0,4.72,5.01,4.66,201886,4.72
2020-05-14 04:00:00,108983524.0,4.7663,4.645,4.89,4.92,4.52,185562,4.89
2020-05-15 04:00:00,81652013.0,4.8711,4.8,4.9,4.94,4.75,130918,4.9
2020-05-18 04:00:00,138105618.0,5.2405,5.12,5.31,5.33,5.12,203546,5.31
2020-05-19 04:00:00,95793337.0,5.3431,5.27,5.3,5.45,5.15,158447,5.3
2020-05-20 04:00:00,88760846.0,5.4626,5.38,5.49,5.54,5.37,138392,5.49
2020-05-21 04:00:00,87823149.0,5.6008,5.45,5.63,5.69,5.44,144914,5.63
2020-05-22 04:00:00,77312474.0,5.6057,5.68,5.65,5.73,5.5,125782,5.65
2020-05-26 04:00:00,87787609.0,5.8851,5.92,5.84,5.99,5.82,150373,5.84
2020-05-27 04:00:00,111734020.0,5.9987,6.01,6.03,6.09,5.84,166785,6.03
2020-05-28 04:00:00,77960929.0,5.9171,6.05,5.85,6.07,5.81,130277,5.85
2020-05-29 04:00:00,94016697.0,5.7017,5.75,5.71,5.8,5.57,138426,5.71
2020-06-01 04:00:00,62799318.0,5.8287,5.73,5.87,5.88,5.67,112815,5.87
2020-06-02 04:00:00,80835245.0,5.9099,5.96,5.9,6.0,5.83,128786,5.9
2020-06-03 04:00:00,100297187.0,6.1223,5.99,6.19,6.27,5.92,167328,6.19
2020-06-04 04:00:00,116766211.0,6.3844,6.2,6.57,6.58,6.12,189110,6.57
2020-06-05 04:00:00,211388536.0,7.2739,7.24,7.34,7.5,7.02,328349,7.34
2020-06-08 04:00:00,115468584.0,7.5516,7.53,7.53,7.74,7.37,213524,7.53
2020-06-09 04:00:00,117618740.0,7.2375,7.22,7.24,7.44,7.05,211146,7.24
2020-06-10 04:00:00,148731543.0,6.9436,7.33,6.81,7.34,6.77,266697,6.81
2020-06-11 04:00:00,118778427.0,6.2243,6.07,6.13,6.46,6.04,216497,6.13
2020-06-12 04:00:00,90180732.0,6.4554,6.56,6.46,6.63,6.3,163126,6.46
2020-06-15 04:00:00,105793221.0,6.4155,6.18,6.5,6.58,6.11,178822,6.5
2020-06-16 04:00:00,110887661.0,6.6401,6.87,6.55,6.87,6.44,182379,6.55
2020-06-17 04:00:00,68517602.0,6.4009,6.56,6.33,6.56,6.31,122780,6.33
2020-06-18 04:00:00,61943465.0,6.3353,6.26,6.33,6.45,6.19,115601,6.33
2020-06-19 04:00:00,129047165.0,6.3819,6.64,6.23,6.69,6.23,161716,6.23
2020-06-22 04:00:00,72730364.0,6.2253,6.27,6.28,6.28,6.13,115075,6.28
2020-06-23 04:00:00,87408854.0,6.1989,6.33,6.15,6.38,6.14,125047,6.15
2020-06-24 04:00:00,76330392.0,5.9879,6.06,5.95,6.1225,5.86,139651,5.95
2020-06-25 04:00:00,74436852.0,5.9516,5.86,6.03,6.05,5.8,126264,6.03
2020-06-26 04:00:00,119029120.0,5.9003,6.04,5.91,6.07,5.81,132930,5.91
2020-06-29 04:00:00,59055423.0,5.9916,5.91,6.01,6.07,5.81,102580,6.01
2020-06-30 04:00:00,62363940.0,6.0306,5.98,6.08,6.1,5.9,94514,6.08
2020-07-01 04:00:00,63304905.0,6.0209,6.1,5.98,6.18,5.95,99179,5.98
2020-07-02 04:00:00,68077433.0,6.0849,6.1,6.05,6.17,6.0,104444,6.05
2020-07-06 04:00:00,64989928.0,6.16,6.14,6.19,6.2,6.11,102261,6.19
2020-07-07 04:00:00,57332995.0,6.1422,6.14,6.12,6.2,6.09,87905,6.12
2020-07-08 04:00:00,61389825.0,6.0938,6.13,6.09,6.18,6.05,86127,6.09
2020-07-09 04:00:00,83387666.0,5.903,6.09,5.84,6.1,5.82,122716,5.84
2020-07-10 04:00:00,74694685.0,5.9674,5.8,6.1,6.1,5.74,118988,6.1
2020-07-13 04:00:00,81376394.0,6.1325,6.15,6.06,6.22,6.05,136452,6.06
2020-07-14 04:00:00,107636666.0,6.2768,6.18,6.36,6.39,6.08,168360,6.36
2020-07-15 04:00:00,103290230.0,6.6711,6.54,6.74,6.78,6.52,170498,6.74
2020-07-16 04:00:00,94320110.0,6.8185,6.66,6.86,6.9,6.63,136691,6.86
2020-07-17 04:00:00,82041074.0,6.795,6.9,6.8,6.91,6.73,113757,6.8
2020-07-20 04:00:00,72229651.0,6.6699,6.8,6.66,6.85,6.58,101736,6.66
2020-07-21 04:00:00,63882520.0,6.7292,6.71,6.68,6.81,6.64,95800,6.68
2020-07-22 04:00:00,76266471.0,6.7956,6.64,6.84,6.88,6.61,95848,6.84
2020-07-23 04:00:00,89298672.0,6.968,6.87,6.98,7.06,6.8,130808,6.98
2020-07-24 04:00:00,62864968.0,6.9148,6.9,6.88,7.01,6.86,84855,6.88
2020-07-27 04:00:00,60925500.0,6.8813,6.92,6.93,6.94,6.77,94397,6.93
2020-07-28 04:00:00,56878949.0,6.9916,6.9,7.01,7.05,6.9,94037,7.01
2020-07-29 04:00:00,60231166.0,6.9174,7.05,6.92,7.06,6.83,105053,6.92
2020-07-30 04:00:00,59544973.0,6.7759,6.74,6.74,6.83,6.67,104720,6.74
2020-07-31 04:00:00,116690823.0,6.6585,6.89,6.61,6.9,6.52,157946,6.61
2020-08-03 04:00:00,54740514.0,6.6588,6.65,6.69,6.72,6.53,90621,6.69
2020-08-04 04:00:00,70615065.0,6.8192,6.91,6.86,6.91,6.73,121250,6.86
2020-08-05 04:00:00,83435947.0,6.9661,6.86,6.96,7.0291,6.86,105812,6.96
2020-08-06 04:00:00,49150167.0,6.9414,6.93,6.93,7.0,6.89,81322,6.93
2020-08-07 04:00:00,47977352.0,6.849,6.87,6.86,6.92,6.79,91574,6.86
2020-08-10 04:00:00,57677557.0,7.069,6.91,7.09,7.13,6.905,113277,7.09
2020-08-11 04:00:00,75960455.0,7.2834,7.21,7.23,7.375,7.19,121438,7.23
2020-08-12 04:00:00,59973174.0,7.1381,7.33,7.11,7.37,7.06,99599,7.11
2020-08-13 04:00:00,50778882.0,7.0609,7.03,7.03,7.18,7.0,82529,7.03
2020-08-14 04:00:00,44152301.0,7.0528,6.97,7.04,7.11,6.93,70394,7.04
2020-08-17 04:00:00,65295968.0,6.9473,7.05,6.98,7.06,6.87,99991,6.98
2020-08-18 04:00:00,40614523.0,6.9371,6.98,6.89,7.01,6.885,74631,6.89
2020-08-19 04:00:00,44636169.0,6.9318,6.89,6.87,7.02,6.86,74967,6.87
2020-08-20 04:00:00,42619259.0,6.8313,6.77,6.84,6.89,6.73,67084,6.84
2020-08-21 04:00:00,40185830.0,6.7255,6.78,6.66,6.85,6.65,77894,6.66
2020-08-24 04:00:00,65616623.0,6.9194,6.73,6.98,7.0,6.69,108122,6.98
2020-08-25 04:00:00,50765510.0,6.9527,7.01,6.94,7.1,6.86,85262,6.94
2020-08-26 04:00:00,48966453.0,6.828,6.94,6.82,6.97,6.77,75363,6.82
2020-08-27 04:00:00,46251822.0,6.9126,6.83,6.91,6.98,6.83,80632,6.91
2020-08-28 04:00:00,40351823.0,6.9072,6.93,6.94,6.95,6.86,69265,6.94
2020-08-31 04:00:00,50685873.0,6.8375,6.9,6.82,6.93,6.79,90349,6.82
2020-09-01 04:00:00,48973019.0,6.8212,6.77,6.83,6.87,6.72,94777,6.83
2020-09-02 04:00:00,59513626.0,6.902,6.81,6.95,6.97,6.77,102677,6.95
2020-09-03 04:00:00,78875650.0,6.8918,6.92,6.82,7.09,6.76,112543,6.82
2020-09-04 04:00:00,70549690.0,6.8626,6.86,6.9,6.95,6.75,104416,6.9
2020-09-08 04:00:00,85659131.0,7.0234,6.83,7.03,7.17,6.81,129298,7.03
2020-09-09 04:00:00,55439130.0,7.0097,7.07,6.97,7.1,6.93,94732,6.97
2020-09-10 04:00:00,69728609.0,6.9533,6.99,6.91,7.035,6.87,91267,6.91
2020-09-11 04:00:00,55295209.0,6.9262,6.94,7.0,7.0,6.85,75966,7.0
2020-09-14 04:00:00,59162435.0,7.1111,7.01,7.12,7.18,6.98,102598,7.12
2020-09-15 04:00:00,65530747.0,7.0777,7.16,7.04,7.18,7.0,89217,7.04
2020-09-16 04:00:00,46547305.0,7.0598,7.05,7.02,7.12,6.99,81570,7.02
2020-09-17 04:00:00,84977694.0,7.2331,7.04,7.28,7.34,6.98,130789,7.28
2020-09-18 04:00:00,75050447.0,7.2811,7.31,7.23,7.4,7.22,94005,7.23
2020-09-21 04:00:00,73749968.0,6.8931,7.09,6.87,7.09,6.81,115795,6.87
2020-09-22 04:00:00,56476189.0,6.8353,6.89,6.78,6.99,6.77,88716,6.78
2020-09-23 04:00:00,52913147.0,6.752,6.81,6.64,6.93,6.63,90950,6.64
2020-09-24 04:00:00,60195561.0,6.6156,6.6,6.66,6.76,6.41,105967,6.66
2020-09-25 04:00:00,54191836.0,6.5585,6.61,6.51,6.7064,6.5,88938,6.51
2020-09-28 04:00:00,48204371.0,6.6888,6.59,6.69,6.77,6.58,77126,6.69
2020-09-29 04:00:00,39447143.0,6.6124,6.69,6.6,6.695,6.54,64233,6.6
2020-09-30 04:00:00,56227288.0,6.6644,6.61,6.66,6.75,6.59,81424,6.66
2020-10-01 04:00:00,58809011.0,6.7116,6.71,6.75,6.77,6.63,80201,6.75
2020-10-02 04:00:00,61538033.0,6.8056,6.62,6.89,6.93,6.6,94076,6.89
2020-10-05 04:00:00,42887140.0,7.0028,6.95,7.02,7.05,6.945,79658,7.02
2020-10-06 04:00:00,78790302.0,7.0869,7.06,6.98,7.25,6.96,111600,6.98
2020-10-07 04:00:00,51164857.0,7.1884,7.11,7.23,7.25,7.06,82402,7.23
2020-10-08 04:00:00,54950202.0,7.2953,7.29,7.35,7.35,7.2,91972,7.35
2020-10-09 04:00:00,51563426.0,7.2905,7.36,7.25,7.44,7.23,81268,7.25
2020-10-12 04:00:00,99133954.0,7.6569,7.36,7.67,7.865,7.33,164172,7.67
2020-10-13 04:00:00,76132155.0,7.7307,7.82,7.76,7.88,7.63,124820,7.76
2020-10-14 04:00:00,58613290.0,7.6148,7.73,7.57,7.75,7.55,100773,7.57
2020-10-15 04:00:00,50056266.0,7.5224,7.42,7.62,7.62,7.37,76321,7.62
2020-10-16 04:00:00,48977240.0,7.6686,7.71,7.67,7.75,7.61,77158,7.67
2020-10-19 04:00:00,39403582.0,7.6479,7.68,7.59,7.72,7.57,66222,7.59
2020-10-20 04:00:00,63700090.0,7.774,7.62,7.74,7.85,7.58,94203,7.74
2020-10-21 04:00:00,52681847.0,7.8186,7.77,7.85,7.88,7.73,81439,7.85
2020-10-22 04:00:00,74734367.0,8.0649,7.93,8.21,8.22,7.89,116400,8.21
2020-10-23 04:00:00,63344016.0,8.1967,8.3,8.16,8.35,8.09,101790,8.16
2020-10-26 04:00:00,62837198.0,8.0133,8.035,8.03,8.07,7.94,95950,8.03
2020-10-27 04:00:00,64741826.0,7.9707,8.01,7.92,8.09,7.9,93582,7.92
2020-10-28 04:00:00,83890982.0,7.7679,7.68,7.7,7.88,7.63,137805,7.7
2020-10-29 04:00:00,120332727.0,8.0501,8.17,7.9,8.24,7.85,177059,7.9
2020-10-30 04:00:00,80367723.0,7.7104,7.85,7.73,7.91,7.61,131505,7.73
2020-11-02 05:00:00,60752494.0,7.755,7.83,7.71,7.86,7.68,98096,7.71
2020-11-03 05:00:00,65726306.0,7.8569,7.76,7.88,7.93,7.73,94511,7.88
2020-11-04 05:00:00,67994126.0,7.7426,7.86,7.64,7.87,7.63,116301,7.64
2020-11-05 05:00:00,62025638.0,7.8901,7.76,7.99,7.99,7.71,96728,7.99
2020-11-06 05:00:00,51530897.0,7.8621,8.01,7.79,8.02,7.75,87492,7.79
2020-11-09 05:00:00,112190982.0,8.2289,8.11,8.2,8.38,8.08,167446,8.2
2020-11-10 05:00:00,88024016.0,8.4376,8.23,8.38,8.59,8.18,132059,8.38
2020-11-11 05:00:00,76598077.0,8.394,8.6,8.33,8.6,8.29,101935,8.33
2020-11-12 05:00:00,82965050.0,8.1861,8.26,8.21,8.29,8.1,103705,8.21
2020-11-13 05:00:00,80091500.0,8.4511,8.23,8.54,8.57,8.23,122227,8.54
2020-11-16 05:00:00,86215193.0,8.7602,8.74,8.8,8.85,8.61,133717,8.8
2020-11-17 05:00:00,47559246.0,8.7377,8.66,8.75,8.85,8.63,87174,8.75
2020-11-18 05:00:00,78438978.0,8.9513,8.82,8.82,9.05,8.78,118685,8.82
2020-11-19 05:00:00,57352197.0,8.8022,8.88,8.82,8.88,8.74,86091,8.82
2020-11-20 05:00:00,57947615.0,8.7431,8.81,8.74,8.82,8.68,95439,8.74
2020-11-23 05:00:00,72035208.0,8.8843,8.82,8.86,8.98,8.78,111485,8.86
2020-11-24 05:00:00,101371255.0,9.3822,9.15,9.45,9.5,9.14,174634,9.45
2020-11-25 05:00:00,96371482.0,9.0907,9.2,9.08,9.25,9.0,148622,9.08
2020-11-27 05:00:00,27853853.0,9.0782,9.12,9.09,9.14,9.03,54505,9.09
2020-11-30 05:00:00,79112731.0,9.0963,9.23,9.08,9.23,8.98,129762,9.08
2020-12-01 05:00:00,69527469.0,9.2869,9.16,9.24,9.4,9.16,118038,9.24
2020-12-02 05:00:00,48736119.0,9.1903,9.16,9.2,9.24,9.08,92237,9.2
2020-12-03 05:00:00,50898766.0,9.2417,9.26,9.21,9.32,9.15,80952,9.21
2020-12-04 05:00:00,49321687.0,9.3538,9.26,9.34,9.44,9.24,86101,9.34
2020-12-07 05:00:00,59318359.0,9.2287,9.31,9.22,9.33,9.15,112986,9.22
2020-12-08 05:00:00,56971297.0,9.2681,9.19,9.25,9.33,9.17,85849,9.25
2020-12-09 05:00:00,61392032.0,9.4209,9.31,9.45,9.49,9.29,101331,9.45
2020-12-10 05:00:00,84319997.0,9.1776,9.31,9.12,9.32,9.1,135735,9.12
2020-12-11 05:00:00,74471918.0,9.0818,9.19,9.02,9.19,9.01,120725,9.02
2020-12-14 05:00:00,77847650.0,8.9693,9.13,8.91,9.1752,8.88,132794,8.91
2020-12-15 05:00:00,70319562.0,9.0814,9.03,9.15,9.15,8.94,93935,9.15
2020-12-16 05:00:00,55721053.0,9.0556,9.17,9.04,9.18,8.97,89037,9.04
2020-12-17 05:00:00,49903217.0,9.0641,9.09,9.08,9.13,9.0,80645,9.08
2020-12-18 05:00:00,82162118.0,8.9831,9.09,8.95,9.09,8.91,92416,8.95
2020-12-21 05:00:00,64958961.0,8.9033,8.87,8.93,9.01,8.79,109407,8.93
2020-12-22 05:00:00,59811908.0,8.8118,8.98,8.79,8.99,8.75,101195,8.79
2020-12-23 05:00:00,54606522.0,8.9561,8.82,8.99,9.03,8.8,83837,8.99
2020-12-24 05:00:00,28397333.0,8.851,9.01,8.86,9.02,8.8,54858,8.86
2020-12-28 05:00:00,38665847.0,8.9222,8.92,8.89,8.98,8.8607,69986,8.89
2020-12-29 05:00:00,37989569.0,8.8414,8.93,8.82,8.93,8.78,63282,8.82
2020-12-30 05:00:00,38785788.0,8.8626,8.83,8.86,8.92,8.81,64842,8.86
2020-12-31 05:00:00,40591310.0,8.7986,8.84,8.79,8.86,8.78,63986,8.79
2021-01-04 05:00:00,85725025.0,8.5466,8.81,8.52,8.84,8.43,149621,8.52
2021-01-05 05:00:00,71221791.0,8.6127,8.47,8.65,8.72,8.46,125542,8.65
2021-01-06 05:00:00,73501061.0,8.8292,8.79,8.84,8.94,8.68,134486,8.84
2021-01-07 05:00:00,77820946.0,8.9918,8.94,9.06,9.08,8.88,123145,9.06
2021-01-08 05:00:00,60237033.0,8.9914,9.1,9.0,9.14,8.89,106980,9.0
2021-01-11 05:00:00,97131984.0,9.1737,8.87,9.3,9.32,8.82,148066,9.3
2021-01-12 05:00:00,126375813.0,9.6539,9.3,9.78,9.82,9.2903,194712,9.78
2021-01-13 05:00:00,90697554.0,9.7709,9.91,9.78,9.92,9.64,140976,9.78
2021-01-14 05:00:00,113631871.0,10.1134,9.81,10.17,10.2,9.79,169664,10.17
2021-01-15 05:00:00,102292350.0,9.9171,10.04,9.83,10.05,9.82,146949,9.83
2021-01-19 05:00:00,79970485.0,10.079,10.06,10.02,10.21,9.97,139086,10.02
2021-01-20 05:00:00,126443532.0,10.6058,10.23,10.86,10.87,10.19,221883,10.86
2021-01-21 05:00:00,286545712.0,11.6527,11.28,11.53,12.15,11.12,534546,11.53
2021-01-22 05:00:00,133496505.0,11.4975,11.66,11.52,11.69,11.34,249246,11.52
2021-01-25 05:00:00,121026381.0,11.177,11.49,11.29,11.52,10.88,241879,11.29
2021-01-26 05:00:00,67427553.0,11.2668,11.31,11.19,11.53,11.12,148351,11.19
2021-01-27 05:00:00,84436400.0,10.8633,11.02,10.79,11.17,10.7,251096,10.79
2021-01-28 05:00:00,77096393.0,10.8186,10.84,10.72,11.05,10.71,224877,10.72
2021-01-29 05:00:00,75379147.0,10.598,10.59,10.53,10.835,10.45,200781,10.53
2021-02-01 05:00:00,158291666.0,10.8937,10.65,10.83,11.44,10.36,423354,10.83
2021-02-02 05:00:00,82137267.0,10.9193,11.14,10.86,11.2,10.71,200195,10.86
2021-02-03 05:00:00,83812264.0,11.1683,10.92,11.2,11.36,10.84,205471,11.2
2021-02-04 05:00:00,108030211.0,11.4138,11.4,11.37,11.6192,11.17,274265,11.37
2021-02-05 05:00:00,115264606.0,11.5601,11.8,11.51,11.9,11.3,317700,11.51
2021-02-08 05:00:00,77462517.0,11.4363,11.52,11.56,11.58,11.31,193535,11.56
2021-02-09 05:00:00,103120954.0,11.8529,11.54,11.93,12.04,11.49,248773,11.93
2021-02-10 05:00:00,77952054.0,11.7585,12.0,11.76,12.02,11.53,188332,11.76
2021-02-11 05:00:00,56440194.0,11.469,11.66,11.45,11.74,11.31,144578,11.45
2021-02-12 05:00:00,44927465.0,11.4748,11.42,11.45,11.62,11.37,113007,11.45
2021-02-16 05:00:00,49313933.0,11.528,11.5,11.54,11.7,11.38,130513,11.54
2021-02-17 05:00:00,50570022.0,11.5052,11.61,11.48,11.61,11.37,121462,11.48
2021-02-18 05:00:00,38419390.0,11.3862,11.37,11.43,11.48,11.3,96833,11.43
2021-02-19 05:00:00,49874476.0,11.5399,11.52,11.58,11.59,11.46,109580,11.58
2021-02-22 05:00:00,62867233.0,11.7775,11.52,11.7,11.94,11.5,160727,11.7
2021-02-23 05:00:00,73477553.0,11.4495,11.59,11.62,11.65,11.13,162384,11.62
2021-02-24 05:00:00,95716759.0,12.0678,11.67,12.27,12.4,11.64,228355,12.27
2021-02-25 05:00:00,76171492.0,12.023,12.22,11.76,12.4,11.72,193796,11.76
2021-02-26 05:00:00,70328291.0,11.758,11.89,11.7,11.98,11.54,152154,11.7
2021-03-01 05:00:00,44216069.0,11.9661,11.87,11.98,12.08,11.78,120448,11.98
2021-03-02 05:00:00,105393477.0,12.4928,12.04,12.55,12.8,11.94,255074,12.55
2021-03-03 05:00:00,81187537.0,12.3114,12.61,12.17,12.61,12.14,189705,12.17
2021-03-04 05:00:00,89076571.0,12.0402,12.235,11.93,12.46,11.63,213935,11.93
2021-03-05 05:00:00,80131574.0,12.0769,12.06,12.27,12.29,11.67,204074,12.27
2021-03-08 05:00:00,87004838.0,12.661,12.39,12.65,12.88,12.3,216692,12.65
2021-03-09 05:00:00,62748226.0,12.598,12.76,12.57,12.76,12.375,169823,12.57
2021-03-10 05:00:00,62836261.0,12.8735,12.72,12.91,12.98,12.62,150591,12.91
2021-03-11 05:00:00,57518291.0,12.8713,12.94,12.81,13.0594,12.75,149686,12.81
2021-03-12 05:00:00,88665240.0,13.2387,12.78,13.37,13.43,12.77,205130,13.37
2021-03-15 04:00:00,66226347.0,13.2071,13.39,13.2,13.62,13.0501,168681,13.2
2021-03-16 04:00:00,127463471.0,12.6954,13.06,12.49,13.15,12.43,316063,12.49
2021-03-17 04:00:00,110553699.0,12.4643,12.34,12.69,12.7,12.22,231684,12.69
2021-03-18 04:00:00,77809593.0,12.7795,12.7,12.49,13.01,12.44,184801,12.49
2021-03-19 04:00:00,94092172.0,12.8193,12.85,12.83,12.95,12.55,173900,12.83
2021-03-22 04:00:00,82586056.0,12.762,12.85,12.85,12.93,12.51,163843,12.85
2021-03-23 04:00:00,74015517.0,12.3705,12.57,12.21,12.68,12.12,169453,12.21
2021-03-24 04:00:00,55138913.0,12.3335,12.36,12.14,12.53,12.12,142003,12.14
2021-03-25 04:00:00,55404261.0,12.073,11.94,12.32,12.35,11.72,152551,12.32
2021-03-26 04:00:00,49835202.0,12.2669,12.43,12.3,12.49,12.06,119612,12.3
2021-03-29 04:00:00,45210787.0,12.1865,12.2,12.15,12.36,12.065,111388,12.15
2021-03-30 04:00:00,50287502.0,12.3689,12.16,12.46,12.48,12.11,105427,12.46
2021-03-31 04:00:00,61267997.0,12.3207,12.46,12.25,12.54,12.21,120017,12.25
2021-04-01 04:00:00,62477239.0,12.1372,12.28,12.17,12.29,12.02,136893,12.17
2021-04-05 04:00:00,83355139.0,12.5759,12.39,12.7,12.78,12.33,182217,12.7
2021-04-06 04:00:00,68697055.0,12.8546,12.7,12.92,12.99,12.64,157599,12.92
2021-04-07 04:00:00,42880549.0,12.7521,12.87,12.73,12.93,12.66,97569,12.73
2021-04-08 04:00:00,53267455.0,12.5268,12.67,12.51,12.76,12.43,125454,12.51
2021-04-09 04:00:00,41109582.0,12.481,12.49,12.51,12.62,12.39,102969,12.51
2021-04-12 04:00:00,40977668.0,12.4091,12.5,12.38,12.55,12.32,99307,12.38
2021-04-13 04:00:00,52128898.0,12.1963,12.39,12.2,12.445,12.1,122767,12.2
2021-04-14 04:00:00,50631405.0,12.3539,12.2,12.24,12.49,12.2,125555,12.24
2021-04-15 04:00:00,38837293.0,12.212,12.3,12.24,12.32,12.125,103048,12.24
2021-04-16 04:00:00,34463517.0,12.2589,12.32,12.23,12.36,12.19,112432,12.23
2021-04-19 04:00:00,39678810.0,12.1109,12.22,12.11,12.25,12.02,96305,12.11
2021-04-20 04:00:00,83840117.0,11.5689,12.06,11.45,12.06,11.35,206478,11.45
2021-04-21 04:00:00,50562841.0,11.6019,11.36,11.73,11.74,11.18,125489,11.73
2021-04-22 04:00:00,74485629.0,11.9771,12.06,11.94,12.15,11.83,174500,11.94
2021-04-23 04:00:00,52602703.0,12.1151,11.97,12.22,12.24,11.87,114999,12.22
2021-04-26 04:00:00,41686461.0,12.3033,12.28,12.27,12.4414,12.23,105936,12.27
2021-04-27 04:00:00,42522973.0,12.4136,12.29,12.49,12.5,12.27,113978,12.49
2021-04-28 04:00:00,69309228.0,12.4209,12.6,12.43,12.6,12.385,160284,12.43
2021-04-29 04:00:00,232575384.0,11.3405,11.91,11.26,11.91,11.14,498952,11.26
2021-04-30 04:00:00,92361883.0,11.4648,11.36,11.54,11.54,11.33,209172,11.54
2021-05-03 04:00:00,62950900.0,11.5677,11.56,11.63,11.68,11.43,156104,11.63
2021-05-04 04:00:00,71919046.0,11.367,11.53,11.41,11.55,11.23,180867,11.41
2021-05-05 04:00:00,65280604.0,11.5421,11.5,11.61,11.64,11.4,155738,11.61
2021-05-06 04:00:00,50540967.0,11.6371,11.55,11.74,11.76,11.48,128362,11.74
2021-05-07 04:00:00,42211937.0,11.7577,11.65,11.82,11.83,11.52,109464,11.82
2021-05-10 04:00:00,52429813.0,11.8087,11.78,11.71,11.93,11.7,132823,11.71
2021-05-11 04:00:00,57872833.0,11.5486,11.45,11.58,11.76,11.42,155796,11.58
2021-05-12 04:00:00,56309805.0,11.4421,11.54,11.33,11.68,11.28,129663,11.33
2021-05-13 04:00:00,57115553.0,11.5365,11.36,11.55,11.68,11.35,130585,11.55
2021-05-14 04:00:00,49058292.0,11.7888,11.65,11.84,11.87,11.62,111089,11.84
2021-05-17 04:00:00,52645910.0,12.0221,11.82,12.15,12.18,11.79,122799,12.15
2021-05-18 04:00:00,73507066.0,12.2828,12.29,12.14,12.53,12.13,172917,12.14
2021-05-19 04:00:00,71438623.0,12.0551,12.03,12.11,12.21,11.85,166022,12.11
2021-05-20 04:00:00,107793668.0,12.4776,12.52,12.49,12.69,12.3,248130,12.49
2021-05-21 04:00:00,202892993.0,13.1632,12.7,13.33,13.47,12.57,361366,13.33
2021-05-24 04:00:00,113752843.0,13.1272,13.38,13.06,13.38,12.92,256584,13.06
2021-05-25 04:00:00,114286419.0,12.9943,13.13,12.81,13.43,12.8,254406,12.81
2021-05-26 04:00:00,227922140.0,13.6916,13.16,13.9,13.95,13.1,488139,13.9
2021-05-27 04:00:00,283638416.0,14.7052,14.38,14.88,15.05,14.12,613257,14.88
2021-05-28 04:00:00,154942405.0,14.658,15.01,14.53,15.05,14.41,331830,14.53
2021-06-01 04:00:00,90219500.0,14.6649,14.72,14.81,14.835,14.46,214109,14.81
2021-06-02 04:00:00,78448492.0,14.8612,14.9,14.91,15.02,14.68,205146,14.91
2021-06-03 04:00:00,180900088.0,15.7237,15.15,15.99,16.06,14.985,469741,15.99
2021-06-04 04:00:00,155015208.0,16.0577,16.33,15.97,16.455,15.795,378265,15.97
2021-06-07 04:00:00,92208353.0,15.8118,16.01,15.88,16.2,15.65,241948,15.88
2021-06-08 04:00:00,95127982.0,15.6177,15.76,15.63,15.8,15.33,231158,15.63
2021-06-09 04:00:00,60781331.0,15.5102,15.6,15.48,15.62,15.39,158337,15.48
2021-06-10 04:00:00,79108372.0,15.3097,15.59,15.11,15.78,15.08,182748,15.11
2021-06-11 04:00:00,51915258.0,15.2815,15.3,15.28,15.43,15.17,132807,15.28
2021-06-14 04:00:00,84268126.0,14.9516,15.23,14.87,15.3,14.815,201843,14.87
2021-06-15 04:00:00,63275695.0,14.9754,14.91,15.0,15.16,14.76,154922,15.0
2021-06-16 04:00:00,70430334.0,15.026,15.1,15.02,15.29,14.88,168396,15.02
2021-06-17 04:00:00,128261284.0,14.9486,15.3,14.77,15.4,14.58,298517,14.77
2021-06-18 04:00:00,79154160.0,14.5844,14.54,14.52,14.765,14.44,180254,14.52
2021-06-21 04:00:00,64311290.0,14.7666,14.63,14.78,14.9,14.55,164204,14.78
2021-06-22 04:00:00,66547833.0,14.9191,15.02,14.91,15.11,14.815,153565,14.91
2021-06-23 04:00:00,96384175.0,15.342,15.14,15.42,15.53,15.03,227764,15.42
2021-06-24 04:00:00,81461776.0,15.2901,15.54,15.26,15.55,15.15,179349,15.26
2021-06-25 04:00:00,112636864.0,15.2627,15.24,15.19,15.52,15.18,149551,15.19
2021-06-28 04:00:00,80208577.0,14.9541,15.2,14.96,15.21,14.83,184008,14.96
2021-06-29 04:00:00,68866802.0,15.0141,15.05,15.01,15.2,14.875,149688,15.01
2021-06-30 04:00:00,72817168.0,14.9223,14.95,14.86,15.11,14.81,169910,14.86
2021-07-01 04:00:00,51951392.0,14.9063,14.91,14.91,14.97,14.84,126902,14.91
2021-07-02 04:00:00,44707980.0,14.9337,14.96,14.93,15.04,14.83,115550,14.93
2021-07-06 04:00:00,75125222.0,14.553,14.87,14.5,14.88,14.39,181579,14.5
2021-07-07 04:00:00,73650939.0,14.2446,14.41,14.23,14.46,14.02,168554,14.23
2021-07-08 04:00:00,63974278.0,14.0008,13.9597,14.06,14.23,13.735,158708,14.06
2021-07-09 04:00:00,66793122.0,14.442,14.445,14.48,14.575,14.27,158972,14.48
2021-07-12 04:00:00,50336096.0,14.5828,14.36,14.61,14.74,14.24,122713,14.61
2021-07-13 04:00:00,46145866.0,14.4482,14.5,14.42,14.625,14.295,108240,14.42
2021-07-14 04:00:00,39657798.0,14.3294,14.43,14.25,14.63,14.2,106326,14.25
2021-07-15 04:00:00,45401407.0,14.0953,14.15,14.01,14.3,13.94,115410,14.01
2021-07-16 04:00:00,48682432.0,13.7773,14.12,13.61,14.14,13.58,130027,13.61
2021-07-19 04:00:00,101633980.0,13.1262,13.25,13.28,13.32,12.7901,264923,13.28
2021-07-20 04:00:00,71550348.0,13.7385,13.37,13.91,13.96,13.28,176286,13.91
2021-07-21 04:00:00,54754881.0,14.167,14.05,14.19,14.34,14.03,130147,14.19
2021-07-22 04:00:00,41048058.0,13.919,14.08,13.91,14.14,13.78,108418,13.91
2021-07-23 04:00:00,38426068.0,13.8356,13.97,13.82,14.04,13.73,99237,13.82
2021-07-26 04:00:00,44583541.0,13.9897,13.9,14.03,14.0815,13.87,112361,14.03
2021-07-27 04:00:00,43232851.0,13.7811,13.93,13.79,13.955,13.65,115206,13.79
2021-07-28 04:00:00,71181771.0,13.8404,13.86,13.86,13.99,13.565,175634,13.86
2021-07-29 04:00:00,111154778.0,14.4915,14.51,14.39,14.79,14.3,245283,14.39
2021-07-30 04:00:00,74955713.0,14.0079,14.23,13.95,14.3,13.87,173096,13.95
2021-08-02 04:00:00,64673717.0,14.0247,14.02,13.91,14.33,13.88,150748,13.91
2021-08-03 04:00:00,53257695.0,13.919,13.9699,14.02,14.08,13.64,130376,14.02
2021-08-04 04:00:00,81502699.0,13.5309,13.85,13.32,13.93,13.3,201920,13.32
2021-08-05 04:00:00,60482396.0,13.6864,13.54,13.71,13.82,13.45,147198,13.71
2021-08-06 04:00:00,44450636.0,13.8308,13.82,13.8,13.91,13.73,124709,13.8
2021-08-09 04:00:00,38760378.0,13.713,13.72,13.75,13.82,13.55,114604,13.75
2021-08-10 04:00:00,32120825.0,13.8166,13.77,13.82,13.91,13.66,97838,13.82
2021-08-11 04:00:00,42795585.0,13.8145,13.86,13.93,13.95,13.67,110197,13.93
2021-08-12 04:00:00,38608652.0,13.8981,13.92,13.9,14.05,13.79,99908,13.9
2021-08-13 04:00:00,45118472.0,13.7054,13.88,13.59,13.95,13.54,107623,13.59
2021-08-16 04:00:00,38757778.0,13.4534,13.5,13.46,13.56,13.32,113205,13.46
2021-08-17 04:00:00,74625322.0,13.022,13.32,12.99,13.33,12.81,179464,12.99
2021-08-18 04:00:00,50966744.0,13.0675,12.95,13.0,13.21,12.9,114721,13.0
2021-08-19 04:00:00,68538770.0,12.7171,12.8,12.67,12.92,12.57,163294,12.67
2021-08-20 04:00:00,53591597.0,12.5123,12.61,12.57,12.67,12.38,142699,12.57
2021-08-23 04:00:00,64573553.0,12.6718,12.71,12.73,12.85,12.47,140945,12.73
2021-08-24 04:00:00,53672503.0,13.0215,12.81,13.08,13.14,12.76,131905,13.08
2021-08-25 04:00:00,51195455.0,13.1854,13.12,13.17,13.28,13.02,120255,13.17
2021-08-26 04:00:00,57559820.0,12.9433,13.11,12.9,13.13,12.81,131678,12.9
2021-08-27 04:00:00,57587271.0,13.2074,12.89,13.31,13.37,12.87,133166,13.31
2021-08-30 04:00:00,42720093.0,13.1331,13.35,13.05,13.37,13.03,101675,13.05
2021-08-31 04:00:00,42212703.0,13.0385,13.02,13.03,13.135,12.93,91519,13.03
2021-09-01 04:00:00,58875686.0,13.0881,13.03,13.11,13.22,12.9,124332,13.11
2021-09-02 04:00:00,49322939.0,13.0793,13.09,13.01,13.21,12.97,107553,13.01
2021-09-03 04:00:00,41746597.0,12.9259,12.99,12.89,13.05,12.87,104127,12.89
2021-09-07 04:00:00,64841399.0,12.9385,12.83,12.95,13.04,12.81,142309,12.95
2021-09-08 04:00:00,57980882.0,13.026,12.97,13.03,13.22,12.91,134200,13.03
2021-09-09 04:00:00,67846407.0,12.8071,12.95,12.76,12.95,12.72,149405,12.76
2021-09-10 04:00:00,48792472.0,12.7713,12.84,12.68,12.93,12.66,113170,12.68
2021-09-13 04:00:00,62962161.0,12.8354,12.76,12.99,12.99,12.62,129541,12.99
2021-09-14 04:00:00,48173963.0,12.8855,12.93,12.86,13.06,12.79,112028,12.86
2021-09-15 04:00:00,60721572.0,13.0898,12.89,13.22,13.25,12.81,124800,13.22
2021-09-16 04:00:00,76426063.0,13.3257,13.18,13.4,13.53,13.1,155579,13.4
2021-09-17 04:00:00,76337380.0,13.5536,13.41,13.55,13.7,13.39,147370,13.55
2021-09-20 04:00:00,126152174.0,12.8244,13.07,12.82,13.19,12.63,250809,12.82
2021-09-21 04:00:00,60473075.0,12.7958,12.885,12.77,12.97,12.66,125568,12.77
2021-09-22 04:00:00,75752038.0,13.2016,12.92,13.23,13.39,12.905,135651,13.23
2021-09-23 04:00:00,68708095.0,13.6293,13.35,13.71,13.74,13.32,158862,13.71
2021-09-24 04:00:00,57440218.0,13.8299,13.66,13.78,13.94,13.64,121351,13.78
2021-09-27 04:00:00,68769650.0,14.1735,13.89,14.16,14.29,13.88,154892,14.16
2021-09-28 04:00:00,107090949.0,14.4355,14.63,14.31,14.73,14.23,231612,14.31
2021-09-29 04:00:00,56598504.0,14.3182,14.46,14.3,14.5,14.17,126644,14.3
2021-09-30 04:00:00,79263604.0,14.1987,14.26,14.16,14.32,14.09,130628,14.16
2021-10-01 04:00:00,51880916.0,14.1733,14.26,14.16,14.37,14.01,108088,14.16
2021-10-04 04:00:00,78317497.0,14.4736,14.27,14.35,14.79,14.22,180240,14.35
2021-10-05 04:00:00,55915797.0,14.2514,14.44,14.29,14.44,14.11,135466,14.29
2021-10-06 04:00:00,60512778.0,14.0664,14.14,14.12,14.34,13.89,141466,14.12
2021-10-07 04:00:00,96539549.0,14.7985,14.34,14.89,14.95,14.305,188719,14.89
2021-10-08 04:00:00,100290893.0,15.2094,14.92,15.12,15.49,14.85,199078,15.12
2021-10-11 04:00:00,45302310.0,15.188,15.2,15.09,15.36,14.97,111084,15.09
2021-10-12 04:00:00,89134009.0,15.5142,15.11,15.64,15.68,15.01,176780,15.64
2021-10-13 04:00:00,63363486.0,15.5197,15.59,15.51,15.69,15.27,141616,15.51
2021-10-14 04:00:00,50875110.0,15.4667,15.62,15.45,15.62,15.37,122516,15.45
2021-10-15 04:00:00,77211817.0,15.8112,15.54,15.7,16.03,15.535,170915,15.7
2021-10-18 04:00:00,48633809.0,15.5654,15.57,15.56,15.65,15.485,110869,15.56
2021-10-19 04:00:00,44668310.0,15.4941,15.6,15.42,15.69,15.37,112809,15.42
2021-10-20 04:00:00,105213717.0,15.9056,15.43,16.04,16.16,15.37,219344,16.04
2021-10-21 04:00:00,94854951.0,16.4456,16.16,16.55,16.7,16.13,214732,16.55
2021-10-22 04:00:00,60646754.0,16.3632,16.42,16.28,16.54,16.23,144807,16.28
2021-10-25 04:00:00,67808039.0,16.0424,16.4,16.0,16.5,15.81,168370,16.0
2021-10-26 04:00:00,64882294.0,15.9252,16.09,15.94,16.22,15.7,158455,15.94
2021-10-27 04:00:00,96094256.0,15.8577,15.79,15.51,15.92,15.5,236337,15.51
2021-10-28 04:00:00,215237578.0,17.0072,16.86,16.86,17.58,16.71,543136,16.86
2021-10-29 04:00:00,100560723.0,17.0263,16.86,17.08,17.355,16.55,250258,17.08
2021-11-01 04:00:00,125246485.0,17.6294,17.5,17.95,17.97,17.07,316704,17.95
2021-11-02 04:00:00,115146196.0,17.9732,18.15,18.01,18.19,17.73,271909,18.01
2021-11-03 04:00:00,104755458.0,18.3895,17.92,18.63,18.83,17.88,251671,18.63
2021-11-04 04:00:00,157505547.0,19.1852,18.92,19.42,19.5,18.72,379064,19.42
2021-11-05 04:00:00,122232174.0,19.3944,19.71,19.29,19.72,18.99,335626,19.29
2021-11-08 05:00:00,153478430.0,20.0522,19.4,20.15,20.42,19.24,408776,20.15
2021-11-09 05:00:00,164928461.0,19.9803,20.505,20.12,20.51,19.41,429418,20.12
2021-11-10 05:00:00,228972135.0,19.7503,19.88,19.36,20.47,19.06,598516,19.36
2021-11-11 05:00:00,96436462.0,19.5645,19.64,19.55,19.84,19.2636,259506,19.55
2021-11-12 05:00:00,77837876.0,19.446,19.38,19.5,19.62,19.2101,195913,19.5
2021-11-15 05:00:00,84838610.0,19.6682,19.46,19.86,19.95,19.14,212501,19.86
2021-11-16 05:00:00,66557180.0,19.761,19.9,19.79,20.06,19.53,190094,19.79
2021-11-17 05:00:00,80355162.0,19.7821,19.74,19.96,20.01,19.44,213648,19.96
2021-11-18 05:00:00,111368830.0,19.762,20.16,19.56,20.26,19.36,276774,19.56
2021-11-19 05:00:00,64610377.0,19.4248,19.64,19.39,19.6669,19.24,195698,19.39
2021-11-22 05:00:00,137336746.0,20.2432,19.39,20.48,20.79,19.305,343127,20.48
2021-11-23 05:00:00,90984519.0,20.1729,20.43,20.2,20.53,19.97,242108,20.2
2021-11-24 05:00:00,77324307.0,20.1734,19.97,20.25,20.34,19.78,188714,20.25
2021-11-26 05:00:00,49434029.0,19.6531,19.66,19.75,19.84,19.47,160578,19.75
2021-11-29 05:00:00,68672690.0,19.7225,20.07,19.67,20.19,19.49,198929,19.67
2021-11-30 05:00:00,103133403.0,19.34,19.62,19.19,19.95,19.03,260048,19.19
2021-12-01 05:00:00,125478335.0,20.0181,19.63,19.58,20.47,19.53,363418,19.58
2021-12-02 05:00:00,94142272.0,19.8333,19.5,19.87,20.11,19.28,254348,19.87
2021-12-03 05:00:00,120275163.0,19.4184,20.37,19.14,20.4,18.93,339431,19.14
2021-12-06 05:00:00,88147408.0,19.1372,19.23,19.22,19.49,18.6148,242435,19.22
2021-12-07 05:00:00,75885619.0,19.8739,19.65,19.96,20.06,19.52,196574,19.96
2021-12-08 05:00:00,63246825.0,19.8788,20.18,19.81,20.19,19.75,163053,19.81
2021-12-09 05:00:00,63357578.0,19.6857,19.76,19.57,19.93,19.54,151240,19.57
2021-12-10 05:00:00,169657197.0,20.79,19.77,21.45,21.49,19.7567,419872,21.45
2021-12-13 05:00:00,126632315.0,20.6179,21.24,20.43,21.3,20.13,363894,20.43
2021-12-14 05:00:00,124559737.0,19.8344,19.8,20.05,20.18,19.38,305560,20.05
2021-12-15 05:00:00,79679724.0,19.8985,19.99,20.19,20.33,19.55,213414,20.19
2021-12-16 05:00:00,107020894.0,20.6561,20.57,20.35,21.1,20.26,271545,20.35
2021-12-17 05:00:00,98962927.0,19.8842,20.03,19.77,20.24,19.6,227726,19.77
2021-12-20 05:00:00,74565603.0,19.2771,19.46,19.42,19.6199,19.05,199967,19.42
2021-12-21 05:00:00,58930944.0,19.542,19.75,19.61,19.79,19.33,159379,19.61
2021-12-22 05:00:00,75784660.0,20.0885,19.64,20.14,20.34,19.64,173114,20.14
2021-12-23 05:00:00,50457458.0,20.224,20.08,20.25,20.41,20.0,115200,20.25
2021-12-27 05:00:00,59651800.0,20.67,20.26,20.8,20.89,20.1,168261,20.8
2021-12-28 05:00:00,53020539.0,20.7947,20.66,20.76,21.06,20.59,132028,20.76
2021-12-29 05:00:00,37882981.0,20.6022,20.71,20.56,20.77,20.45,111680,20.56
2021-12-30 05:00:00,50345113.0,20.6622,20.59,20.47,20.96,20.47,126033,20.47
2021-12-31 05:00:00,51899612.0,20.8183,20.46,20.77,21.01,20.46,129408,20.77
2022-01-03 05:00:00,110964650.0,21.5556,21.27,21.77,21.88,21.06,284256,21.77
2022-01-04 05:00:00,311645226.0,23.8642,22.52,24.31,24.5576,22.42,793689,24.31
2022-01-05 05:00:00,253540030.0,24.1781,24.06,23.66,24.95,23.47,654481,23.66
2022-01-06 05:00:00,155058829.0,24.0257,24.09,24.46,24.62,23.36,407214,24.46
2022-01-07 05:00:00,127017482.0,24.4771,24.67,24.44,24.91,24.04,338075,24.44
2022-01-10 05:00:00,122800705.0,23.7649,24.1,23.85,24.44,23.35,330913,23.85
2022-01-11 05:00:00,106011628.0,23.8968,23.78,24.35,24.35,23.28,261882,24.35
2022-01-12 05:00:00,104049995.0,24.4127,24.61,24.47,24.84,24.01,260455,24.47
2022-01-13 05:00:00,185780529.0,25.2714,24.64,25.02,25.87,24.37,491495,25.02
2022-01-14 05:00:00,146012226.0,24.8875,24.47,25.19,25.28,24.3,363892,25.19
2022-01-18 05:00:00,110820118.0,24.5955,24.87,24.38,25.13,24.3,329732,24.38
2022-01-19 05:00:00,153198159.0,23.0726,24.65,22.45,24.92,22.41,500582,22.45
2022-01-20 05:00:00,151979122.0,22.236,21.88,21.65,22.88,21.57,436853,21.65
2022-01-21 05:00:00,145013783.0,20.9353,21.21,20.65,21.5,20.54,435318,20.65
2022-01-24 05:00:00,186875811.0,19.6555,19.93,20.39,20.47,18.8,554784,20.39
2022-01-25 05:00:00,116720396.0,19.9315,20.0,19.98,20.31,19.56,332200,19.98
2022-01-26 05:00:00,135786383.0,20.2521,21.01,19.91,21.04,19.57,379726,19.91
2022-01-27 05:00:00,105674407.0,19.8807,20.31,19.55,20.65,19.41,312036,19.55
2022-01-28 05:00:00,87639179.0,19.2762,19.32,19.54,19.55,18.9245,268166,19.54
2022-01-31 05:00:00,91361949.0,20.0504,19.58,20.3,20.33,19.3701,248455,20.3
2022-02-01 05:00:00,117387761.0,20.4479,20.61,20.66,20.85,19.92,312558,20.66
2022-02-02 05:00:00,95343617.0,20.5677,20.81,20.63,21.05,20.18,260630,20.63
2022-02-03 05:00:00,103015970.0,20.0432,20.17,19.89,20.62,19.87,315729,19.89
2022-02-04 05:00:00,211004496.0,17.8844,18.525,17.96,18.59,17.52,649637,17.96
2022-02-07 05:00:00,84609973.0,17.894,17.73,17.89,18.12,17.7,253691,17.89
2022-02-08 05:00:00,142694301.0,17.4951,17.575,17.72,17.91,17.02,331259,17.72
2022-02-09 05:00:00,87033588.0,18.2527,18.27,18.35,18.43,18.03,242776,18.35
2022-02-10 05:00:00,76143321.0,18.2873,17.965,18.08,18.63,17.92,225654,18.08
2022-02-11 05:00:00,94534092.0,17.8265,18.1,17.55,18.36,17.42,260059,17.55
2022-02-14 05:00:00,78625022.0,17.4779,17.51,17.46,17.7299,17.29,206134,17.46
2022-02-15 05:00:00,66043642.0,17.9566,17.8,18.08,18.13,17.72,164142,18.08
2022-02-16 05:00:00,57442108.0,17.9746,17.885,18.01,18.21,17.74,141192,18.01
2022-02-17 05:00:00,55368605.0,17.6592,17.86,17.54,17.94,17.5,147531,17.54
2022-02-18 05:00:00,106392452.0,18.0768,17.6,18.04,18.48,17.57,282268,18.04
2022-02-22 05:00:00,98420682.0,17.3884,17.67,17.29,17.76,17.07,247238,17.29
2022-02-23 05:00:00,79855388.0,17.198,17.5,16.95,17.73,16.88,205353,16.95
2022-02-24 05:00:00,110443935.0,16.6081,15.99,17.15,17.19,15.955,307663,17.15
2022-02-25 05:00:00,78887954.0,17.6495,17.25,17.83,17.9,17.12,205742,17.83
2022-02-28 05:00:00,82367839.0,17.4599,17.34,17.56,17.675,17.2101,216434,17.56
2022-03-01 05:00:00,94819514.0,16.7962,17.41,16.7,17.41,16.45,271756,16.7
2022-03-02 05:00:00,138638206.0,17.8434,17.5,18.1,18.249,17.295,360731,18.1
2022-03-03 05:00:00,95395521.0,17.6977,18.25,17.6,18.25,17.44,262590,17.6
2022-03-04 05:00:00,90240118.0,16.8594,17.35,16.85,17.39,16.64,247615,16.85
2022-03-07 05:00:00,87999215.0,16.2755,16.84,15.97,16.9,15.97,253499,15.97
2022-03-08 05:00:00,101020299.0,16.2219,16.06,16.03,16.72,15.77,283783,16.03
2022-03-09 05:00:00,62846720.0,16.4959,16.65,16.37,16.83,16.28,184802,16.37
2022-03-10 05:00:00,72992643.0,16.0886,16.11,16.33,16.405,15.76,191678,16.33
2022-03-11 05:00:00,54941888.0,16.1699,16.4,16.04,16.48,16.01,153758,16.04
2022-03-14 04:00:00,66341703.0,15.8411,16.085,15.74,16.23,15.51,198123,15.74
2022-03-15 04:00:00,65237720.0,15.9221,15.77,16.06,16.14,15.53,182190,16.06
2022-03-16 04:00:00,82646138.0,16.4476,16.47,16.58,16.6298,16.06,199589,16.58
2022-03-17 04:00:00,58500236.0,16.4096,16.23,16.58,16.58,16.16,149385,16.58
2022-03-18 04:00:00,89039035.0,16.6713,16.42,16.86,16.895,16.28,178208,16.86
2022-03-21 04:00:00,72545769.0,16.5681,16.87,16.48,17.1055,16.33,171843,16.48
2022-03-22 04:00:00,77542141.0,17.0607,16.72,17.09,17.305,16.7001,180841,17.09
2022-03-23 04:00:00,63296760.0,16.7681,16.82,16.68,17.05,16.565,163296,16.68
2022-03-24 04:00:00,56314211.0,16.8233,16.74,16.83,16.98,16.64,131037,16.83
2022-03-25 04:00:00,62023077.0,16.5032,16.74,16.47,16.78,16.34,158981,16.47
2022-03-28 04:00:00,54634367.0,16.4712,16.55,16.67,16.68,16.28,138658,16.67
2022-03-29 04:00:00,90676867.0,17.5778,17.01,17.75,17.8,17.01,239927,17.75
2022-03-30 04:00:00,57853378.0,17.4268,17.52,17.27,17.66,17.2,153307,17.27
2022-03-31 04:00:00,52529385.0,17.0736,17.2,16.91,17.35,16.5,146177,16.91
2022-04-01 04:00:00,64695720.0,16.6005,17.01,16.65,17.15,16.34,191027,16.65
2022-04-04 04:00:00,51272017.0,16.6049,16.66,16.66,16.73,16.36,140300,16.66
2022-04-05 04:00:00,91708013.0,16.0163,16.46,15.82,16.62,15.81,243737,15.82
2022-04-06 04:00:00,102881637.0,15.3717,15.6,15.39,15.7971,15.18,261549,15.39
2022-04-07 04:00:00,101229103.0,14.8595,15.07,14.96,15.205,14.56,280590,14.96
2022-04-08 04:00:00,75011830.0,15.156,14.94,15.05,15.44,14.81,182880,15.05
2022-04-11 04:00:00,66117103.0,15.3722,14.89,15.28,15.77,14.89,165370,15.28
2022-04-12 04:00:00,49138730.0,15.4696,15.5,15.36,15.72,15.28,137431,15.36
2022-04-13 04:00:00,51871792.0,15.413,15.31,15.51,15.545,15.22,134011,15.51
2022-04-14 04:00:00,39263413.0,15.5877,15.5,15.48,15.76,15.46,118407,15.48
2022-04-18 04:00:00,40088834.0,15.5919,15.37,15.67,15.79,15.37,114313,15.67
2022-04-19 04:00:00,55398336.0,16.0884,15.74,16.15,16.23,15.74,139489,16.15
2022-04-20 04:00:00,47351527.0,16.1474,16.23,16.05,16.55,16.005,124176,16.05
2022-04-21 04:00:00,49898525.0,15.9079,16.48,15.7,16.57,15.61,137666,15.7
2022-04-22 04:00:00,56193732.0,15.2924,15.55,15.13,15.64,15.0,136983,15.13
2022-04-25 04:00:00,58361444.0,14.9368,14.91,15.19,15.2,14.615,185729,15.19
2022-04-26 04:00:00,60345349.0,14.8144,15.1,14.71,15.14,14.67,170017,14.71
2022-04-27 04:00:00,65771296.0,14.881,14.79,14.85,15.0981,14.6,213882,14.85
2022-04-28 04:00:00,131556516.0,14.4309,14.91,14.62,14.99,13.9,349574,14.62
2022-04-29 04:00:00,83184883.0,14.4855,14.59,14.16,14.97,14.095,193987,14.16
2022-05-02 04:00:00,64733985.0,14.0592,14.02,14.27,14.29,13.82,189525,14.27
2022-05-03 04:00:00,55734191.0,14.5349,14.31,14.56,14.75,14.2,155749,14.56
2022-05-04 04:00:00,59774925.0,14.6279,14.505,14.98,15.0,14.26,153672,14.98
2022-05-05 04:00:00,57889180.0,14.5373,14.82,14.53,14.82,14.335,152041,14.53
2022-05-06 04:00:00,66622187.0,14.2027,14.46,14.21,14.6,14.0,180141,14.21
2022-05-09 04:00:00,71241967.0,13.6054,13.85,13.37,14.17,13.31,200587,13.37
2022-05-10 04:00:00,75436696.0,13.3386,13.8,13.35,13.84,13.02,190766,13.35
2022-05-11 04:00:00,71644862.0,13.1092,13.2,12.83,13.62,12.79,187490,12.83
2022-05-12 04:00:00,113203905.0,12.4339,12.21,12.44,12.8,12.15,292151,12.44
2022-05-13 04:00:00,78944174.0,13.3645,12.88,13.5,13.63,12.87,215138,13.5
2022-05-16 04:00:00,65055361.0,13.1599,13.49,13.05,13.52,12.98,162731,13.05
2022-05-17 04:00:00,50891367.0,13.4068,13.34,13.53,13.53,13.16,131020,13.53
2022-05-18 04:00:00,68362515.0,12.9458,13.25,12.78,13.36,12.71,183941,12.78
2022-05-19 04:00:00,58459580.0,12.8966,12.64,12.85,13.12,12.63,155012,12.85
2022-05-20 04:00:00,78183396.0,12.4184,13.05,12.5,13.12,12.07,218714,12.5
2022-05-23 04:00:00,51929583.0,12.7804,12.64,12.83,12.95,12.495,139047,12.83
2022-05-24 04:00:00,51082798.0,12.4115,12.6,12.42,12.68,12.27,140230,12.42
2022-05-25 04:00:00,41097123.0,12.6384,12.33,12.71,12.81,12.32,114541,12.71
2022-05-26 04:00:00,45709234.0,13.0853,12.8,13.12,13.2,12.79,113795,13.12
2022-05-27 04:00:00,54196579.0,13.4859,13.26,13.63,13.63,13.24,131804,13.63
2022-05-31 04:00:00,79689888.0,13.6795,13.68,13.68,13.82,13.35,139754,13.68
2022-06-01 04:00:00,50726208.0,13.6199,13.88,13.55,13.97,13.4,139930,13.55
2022-06-02 04:00:00,42979744.0,13.82,13.64,13.89,13.96,13.6,130499,13.89
2022-06-03 04:00:00,43625247.0,13.507,13.63,13.5,13.775,13.36,123974,13.5
2022-06-06 04:00:00,37452584.0,13.4867,13.74,13.46,13.74,13.38,118127,13.46
2022-06-07 04:00:00,38940314.0,13.5602,13.26,13.74,13.77,13.185,106398,13.74
2022-06-08 04:00:00,39441855.0,13.6093,13.63,13.53,13.85,13.44,133648,13.53
2022-06-09 04:00:00,30516275.0,13.4431,13.51,13.28,13.59,13.28,89649,13.28
2022-06-10 04:00:00,55684140.0,12.8152,13.0,12.75,13.21,12.63,166450,12.75
2022-06-13 04:00:00,80676250.0,11.9199,12.3,11.81,12.38,11.74,215082,11.81
2022-06-14 04:00:00,82369315.0,12.1999,11.99,12.2,12.42,11.91,211480,12.2
2022-06-15 04:00:00,70393220.0,12.2792,12.22,12.27,12.42,12.0,180654,12.27
2022-06-16 04:00:00,80380104.0,11.3796,11.8,11.25,11.91,11.12,209693,11.25
2022-06-17 04:00:00,80248810.0,11.2243,11.24,11.23,11.44,10.9,179037,11.23
2022-06-21 04:00:00,30864206.0,11.521,11.55,11.52,11.655,11.35,90997,11.52
